{
    "loss": 0.6106763482093811,
    "accuracy": 0.9482758641242981
}