{
    "loss": 0.5436710715293884,
    "accuracy": 0.9482758641242981
}