{
    "loss": 0.6721609830856323,
    "accuracy": 0.9482758641242981
}