{
    "loss": 0.6375390887260437,
    "accuracy": 0.9482758641242981
}