{
    "loss": 0.7547029256820679,
    "accuracy": 0.9051724076271057
}