{
    "loss": 0.7259491682052612,
    "accuracy": 0.9051724076271057
}