{
    "loss": 0.5582015514373779,
    "accuracy": 0.931034505367279
}