{
    "loss": 1.1611380577087402,
    "accuracy": 0.8534482717514038
}