{
    "loss": 0.8249207139015198,
    "accuracy": 0.8965517282485962
}