{
    "loss": 5.484676837921143,
    "accuracy": 0.6034482717514038
}