{
    "loss": 0.7361087799072266,
    "accuracy": 0.931034505367279
}